time,lane
0.49,0
0.89,2
1.24,1
1.60,3
1.95,0
2.36,2
2.77,1
3.18,3
3.60,0
4.01,2
4.42,1
4.84,3
5.25,0
5.65,2
6.08,1
6.49,3
6.91,0
7.33,2
7.73,1
8.15,3
8.57,0
8.97,2
9.39,1
9.81,3
10.22,0
10.63,2
11.04,1
11.46,3
11.88,0
12.29,2
12.70,1
13.11,3
13.53,0
13.94,2
14.35,1
14.77,3
15.17,0
15.59,2
16.01,1
16.42,3
16.83,0
17.25,2
17.66,1
18.08,3
18.48,0
18.90,2
19.32,1
19.73,3
20.14,0
20.56,2
20.97,1
21.39,3
21.80,0
22.21,2
22.63,1
23.03,3
23.45,0
23.87,2
24.29,1
24.69,3
25.11,0
25.53,2
25.94,1
26.35,3
26.77,0
27.18,2
27.60,1
28.01,3
28.42,0
28.84,2
29.26,1
29.66,3
30.08,0
30.49,2
30.91,1
31.32,3
31.74,0
32.15,2
32.57,1
32.97,3
33.39,0
33.81,2
34.23,1
34.63,3
35.05,0
35.46,2
35.87,1
36.29,3
36.70,0
37.11,2
37.52,1
37.94,3
38.36,0
38.77,2
39.18,1
39.60,3
40.01,0
40.43,2
40.83,1
41.25,3
41.55,0
41.87,2
42.27,1
42.70,3
43.12,0
43.53,2
43.94,1
44.35,3
44.86,0
45.19,2
45.59,1
46.01,3
46.43,0
46.83,2
47.25,1
47.66,3
48.08,0
48.49,2
48.90,1
49.32,3
49.74,0
50.14,2
50.57,1
51.00,3
51.41,0
51.79,2
52.21,1
52.56,3
52.91,0
53.25,2
53.66,1
54.08,3
54.50,0
54.90,2
55.32,1
55.74,3
56.15,0
56.56,2
56.97,1
57.39,3
57.81,0
58.21,2
58.63,1
59.05,3
59.47,0
59.87,2
60.29,1
60.70,3
61.11,0
61.53,2
61.94,1
62.36,3
62.78,0
63.19,2
63.61,1
64.02,3
64.44,0
64.84,2
65.25,1
65.67,3
66.07,0
66.49,2
66.91,1
67.33,3
67.73,0
68.15,2
68.56,1
68.97,3
69.39,0
69.80,2
70.22,1
70.64,3
71.05,0
71.46,2
71.87,1
72.30,3
72.70,0
73.11,2
73.53,1
73.93,3
74.35,0
74.77,2
75.17,1
75.59,3
76.01,0
76.42,2
76.83,1
77.24,3
77.66,0
78.08,2
78.48,1
78.90,3
79.32,0
79.74,2
80.14,1
80.56,3
80.97,0
81.39,2
81.80,1
82.21,3
82.63,0
83.03,2
83.45,1
83.87,3
84.28,0
84.69,2
85.11,1
85.52,3
85.95,0
86.44,2
86.91,1
87.38,3
87.81,0
88.22,2
88.65,1
89.05,3
89.47,0
89.88,2
90.30,1
90.71,3
91.13,0
91.54,2
91.96,1
92.37,3
92.76,0
93.18,2
93.60,1
94.01,3
94.42,0
94.84,2
95.25,1
95.67,3
96.08,0
96.61,2
97.12,1
97.54,3
97.94,0
98.36,2
98.77,1
99.18,3
99.60,0
100.01,2
100.43,1
100.84,3
101.25,0
101.67,2
102.09,1
102.49,3
102.91,0
103.33,2
103.74,1
104.15,3
104.56,0
104.98,2
105.38,1
105.80,3
106.22,0
106.63,2
107.04,1
107.46,3
107.87,0
108.29,2
108.70,1
109.12,3
109.53,0
109.95,2
110.35,1
110.77,3
111.19,0
111.60,2
112.01,1
112.43,3
112.84,0
113.26,2
113.66,1
114.08,3
114.50,0
114.90,2
115.32,1
115.74,3
116.16,0
116.56,2
116.98,1
117.39,3
117.81,0
118.21,2
118.63,1
119.05,3
119.47,0
119.98,2
120.47,1
